https://cdn.jsdelivr.net/gh/slidevjs/themes@main/screenshots/theme-default/01.png	reference-images/themes/official--slidev-theme-default/01.png
https://cdn.jsdelivr.net/gh/slidevjs/themes@main/screenshots/theme-default/02.png	reference-images/themes/official--slidev-theme-default/02.png
https://cdn.jsdelivr.net/gh/slidevjs/themes@main/screenshots/theme-default/06.png	reference-images/themes/official--slidev-theme-default/03.png
https://cdn.jsdelivr.net/gh/slidevjs/themes@main/screenshots/theme-default/08.png	reference-images/themes/official--slidev-theme-default/04.png
https://cdn.jsdelivr.net/gh/slidevjs/themes@main/screenshots/theme-seriph/01.png	reference-images/themes/official--slidev-theme-seriph/01.png
https://cdn.jsdelivr.net/gh/slidevjs/themes@main/screenshots/theme-seriph/02.png	reference-images/themes/official--slidev-theme-seriph/02.png
https://cdn.jsdelivr.net/gh/slidevjs/themes@main/screenshots/theme-seriph/03.png	reference-images/themes/official--slidev-theme-seriph/03.png
https://cdn.jsdelivr.net/gh/slidevjs/themes@main/screenshots/theme-seriph/08.png	reference-images/themes/official--slidev-theme-seriph/04.png
https://cdn.jsdelivr.net/gh/slidevjs/themes@main/screenshots/theme-apple-basic/01.png	reference-images/themes/official--slidev-theme-apple-basic/01.png
https://cdn.jsdelivr.net/gh/slidevjs/themes@main/screenshots/theme-apple-basic/02.png	reference-images/themes/official--slidev-theme-apple-basic/02.png
https://cdn.jsdelivr.net/gh/slidevjs/themes@main/screenshots/theme-apple-basic/03.png	reference-images/themes/official--slidev-theme-apple-basic/03.png
https://cdn.jsdelivr.net/gh/slidevjs/themes@main/screenshots/theme-apple-basic/09.png	reference-images/themes/official--slidev-theme-apple-basic/04.png
https://cdn.jsdelivr.net/gh/slidevjs/themes@main/screenshots/theme-apple-basic/11.png	reference-images/themes/official--slidev-theme-apple-basic/05.png
https://cdn.jsdelivr.net/gh/slidevjs/themes@main/screenshots/theme-bricks/01.png	reference-images/themes/official--slidev-theme-bricks/01.png
https://cdn.jsdelivr.net/gh/slidevjs/themes@main/screenshots/theme-bricks/04.png	reference-images/themes/official--slidev-theme-bricks/02.png
https://cdn.jsdelivr.net/gh/slidevjs/themes@main/screenshots/theme-bricks/06.png	reference-images/themes/official--slidev-theme-bricks/03.png
https://cdn.jsdelivr.net/gh/slidevjs/themes@main/screenshots/theme-bricks/05.png	reference-images/themes/official--slidev-theme-bricks/04.png
https://cdn.jsdelivr.net/gh/slidevjs/themes@main/screenshots/theme-shibainu/01.png	reference-images/themes/official--slidev-theme-shibainu/01.png
https://cdn.jsdelivr.net/gh/slidevjs/themes@main/screenshots/theme-shibainu/03.png	reference-images/themes/official--slidev-theme-shibainu/02.png
https://cdn.jsdelivr.net/gh/slidevjs/themes@main/screenshots/theme-shibainu/04.png	reference-images/themes/official--slidev-theme-shibainu/03.png
https://cdn.jsdelivr.net/gh/slidevjs/themes@main/screenshots/theme-shibainu/09.png	reference-images/themes/official--slidev-theme-shibainu/04.png
https://cdn.jsdelivr.net/gh/nico-bachner/slidev-theme-geist@main/example-export/01.png	reference-images/themes/community-slidev-theme-geist/01.png
https://cdn.jsdelivr.net/gh/nico-bachner/slidev-theme-geist@main/example-export/02.png	reference-images/themes/community-slidev-theme-geist/02.png
https://cdn.jsdelivr.net/gh/nico-bachner/slidev-theme-geist@main/example-export/03.png	reference-images/themes/community-slidev-theme-geist/03.png
https://cdn.jsdelivr.net/gh/nico-bachner/slidev-theme-geist@main/example-export/04.png	reference-images/themes/community-slidev-theme-geist/04.png
https://cdn.jsdelivr.net/gh/nico-bachner/slidev-theme-geist@main/example-export/05.png	reference-images/themes/community-slidev-theme-geist/05.png
https://cdn.jsdelivr.net/gh/lightvue/slidev-theme-light-icons@master/screenshot/1-layout-intro.png	reference-images/themes/community-slidev-theme-light-icons/01.png
https://cdn.jsdelivr.net/gh/lightvue/slidev-theme-light-icons@master/screenshot/2-layout-image-header-intro-light.png	reference-images/themes/community-slidev-theme-light-icons/02.png
https://cdn.jsdelivr.net/gh/lightvue/slidev-theme-light-icons@master/screenshot/3-layout-dynamic-image-light.png	reference-images/themes/community-slidev-theme-light-icons/03.png
https://cdn.jsdelivr.net/gh/lightvue/slidev-theme-light-icons@master/screenshot/5-layout-dynamic-image-light.png	reference-images/themes/community-slidev-theme-light-icons/04.png
https://cdn.jsdelivr.net/gh/lightvue/slidev-theme-light-icons@master/screenshot/7-layout-dynamic-image-light.png	reference-images/themes/community-slidev-theme-light-icons/05.png
https://cdn.jsdelivr.net/gh/lightvue/slidev-theme-light-icons@master/screenshot/8-layout-center-image-light.png	reference-images/themes/community-slidev-theme-light-icons/06.png
https://cdn.jsdelivr.net/gh/lightvue/slidev-theme-light-icons@master/screenshot/9-layout-dynamic-image-light.png	reference-images/themes/community-slidev-theme-light-icons/07.png
https://cdn.jsdelivr.net/gh/lightvue/slidev-theme-light-icons@master/screenshot/10-layout-left-image-light.png	reference-images/themes/community-slidev-theme-light-icons/08.png
https://media.githubusercontent.com/media/zthxxx/slides/refs/heads/master/packages/slidev-theme-eloc/screenshot/01.png	reference-images/themes/community-slidev-theme-eloc/01.png
https://media.githubusercontent.com/media/zthxxx/slides/refs/heads/master/packages/slidev-theme-eloc/screenshot/02.png	reference-images/themes/community-slidev-theme-eloc/02.png
https://media.githubusercontent.com/media/zthxxx/slides/refs/heads/master/packages/slidev-theme-eloc/screenshot/03.png	reference-images/themes/community-slidev-theme-eloc/03.png
https://media.githubusercontent.com/media/zthxxx/slides/refs/heads/master/packages/slidev-theme-eloc/screenshot/04.png	reference-images/themes/community-slidev-theme-eloc/04.png
https://media.githubusercontent.com/media/zthxxx/slides/refs/heads/master/packages/slidev-theme-eloc/screenshot/05.png	reference-images/themes/community-slidev-theme-eloc/05.png
https://cdn.jsdelivr.net/gh/Dawntraoz/slidev-theme-unicorn@master/screenshots/dark-theme-intro.png	reference-images/themes/community-slidev-theme-unicorn/01.png
https://cdn.jsdelivr.net/gh/Dawntraoz/slidev-theme-unicorn@master/screenshots/light-theme-cover.png	reference-images/themes/community-slidev-theme-unicorn/02.png
https://cdn.jsdelivr.net/gh/Dawntraoz/slidev-theme-unicorn@master/screenshots/dark-theme-image-centered.png	reference-images/themes/community-slidev-theme-unicorn/03.png
https://cdn.jsdelivr.net/gh/Dawntraoz/slidev-theme-unicorn@master/screenshots/dark-theme-center-without-header-footer.png	reference-images/themes/community-slidev-theme-unicorn/04.png
https://cdn.jsdelivr.net/gh/thatoranzhevyy/slidev-theme-zhozhoba@master/slides-export/01.png	reference-images/themes/community-slidev-theme-zhozhoba/01.png
https://cdn.jsdelivr.net/gh/thatoranzhevyy/slidev-theme-zhozhoba@master/.github/dark.png	reference-images/themes/community-slidev-theme-zhozhoba/02.png
https://cdn.jsdelivr.net/gh/thatoranzhevyy/slidev-theme-zhozhoba@master/slides-export/02.png	reference-images/themes/community-slidev-theme-zhozhoba/03.png
https://cdn.jsdelivr.net/gh/thatoranzhevyy/slidev-theme-zhozhoba@master/slides-export/03.png	reference-images/themes/community-slidev-theme-zhozhoba/04.png
https://cdn.jsdelivr.net/gh/thatoranzhevyy/slidev-theme-zhozhoba@master/slides-export/04.png	reference-images/themes/community-slidev-theme-zhozhoba/05.png
https://cdn.jsdelivr.net/gh/alvarosaburido/slidev-theme-penguin@master/screenshots/dark/01.png	reference-images/themes/community-slidev-theme-penguin/01.png
https://cdn.jsdelivr.net/gh/alvarosaburido/slidev-theme-penguin@master/screenshots/light/02.png	reference-images/themes/community-slidev-theme-penguin/04.png
https://cdn.jsdelivr.net/gh/LinusBorg/slidev-theme-vuetiful@main/screenshots/cover-alt.png	reference-images/themes/community-slidev-theme-vuetiful/01.png
https://cdn.jsdelivr.net/gh/LinusBorg/slidev-theme-vuetiful@main/screenshots/section.png	reference-images/themes/community-slidev-theme-vuetiful/02.png
https://cdn.jsdelivr.net/gh/LinusBorg/slidev-theme-vuetiful@main/screenshots/big-points.png	reference-images/themes/community-slidev-theme-vuetiful/03.png
https://cdn.jsdelivr.net/gh/LinusBorg/slidev-theme-vuetiful@main/screenshots/quote.png	reference-images/themes/community-slidev-theme-vuetiful/04.png
https://cdn.jsdelivr.net/gh/kecrily/slidev-theme-takahashi@master/screenshots/01.png	reference-images/themes/community-slidev-theme-takahashi/01.png
https://cdn.jsdelivr.net/gh/kecrily/slidev-theme-takahashi@master/screenshots/02.png	reference-images/themes/community-slidev-theme-takahashi/02.png
https://cdn.jsdelivr.net/gh/kecrily/slidev-theme-takahashi@master/screenshots/03.png	reference-images/themes/community-slidev-theme-takahashi/03.png
https://cdn.jsdelivr.net/gh/kecrily/slidev-theme-takahashi@master/screenshots/04.png	reference-images/themes/community-slidev-theme-takahashi/04.png
https://cdn.jsdelivr.net/gh/kecrily/slidev-theme-takahashi@master/screenshots/05.png	reference-images/themes/community-slidev-theme-takahashi/05.png
https://cdn.jsdelivr.net/gh/kecrily/slidev-theme-takahashi@master/screenshots/06.png	reference-images/themes/community-slidev-theme-takahashi/06.png
https://cdn.jsdelivr.net/gh/kecrily/slidev-theme-takahashi@master/screenshots/07.png	reference-images/themes/community-slidev-theme-takahashi/07.png
https://cdn.jsdelivr.net/gh/alexanderdavide/slidev-theme-academic@assets/example-export/01.png	reference-images/themes/community-slidev-theme-academic/01.png
https://cdn.jsdelivr.net/gh/alexanderdavide/slidev-theme-academic@assets/example-export/02.png	reference-images/themes/community-slidev-theme-academic/02.png
https://cdn.jsdelivr.net/gh/alexanderdavide/slidev-theme-academic@assets/example-export/08.png	reference-images/themes/community-slidev-theme-academic/03.png
https://cdn.jsdelivr.net/gh/alexanderdavide/slidev-theme-academic@assets/example-export/04.png	reference-images/themes/community-slidev-theme-academic/04.png
https://cdn.jsdelivr.net/gh/alexanderdavide/slidev-theme-academic@assets/example-export/05.png	reference-images/themes/community-slidev-theme-academic/05.png
https://cdn.jsdelivr.net/gh/alexanderdavide/slidev-theme-academic@assets/example-export/06.png	reference-images/themes/community-slidev-theme-academic/06.png
https://cdn.jsdelivr.net/gh/alexanderdavide/slidev-theme-academic@assets/example-export/07.png	reference-images/themes/community-slidev-theme-academic/07.png
https://cdn.jsdelivr.net/gh/mokkapps/slidev-theme-mokkapps@master/screenshots/dark/001.png	reference-images/themes/community-slidev-theme-mokkapps/01.png
https://cdn.jsdelivr.net/gh/mokkapps/slidev-theme-mokkapps@master/screenshots/dark/002.png	reference-images/themes/community-slidev-theme-mokkapps/02.png
https://cdn.jsdelivr.net/gh/mokkapps/slidev-theme-mokkapps@master/screenshots/dark/003.png	reference-images/themes/community-slidev-theme-mokkapps/03.png
https://cdn.jsdelivr.net/gh/mokkapps/slidev-theme-mokkapps@master/screenshots/dark/004.png	reference-images/themes/community-slidev-theme-mokkapps/04.png
https://cdn.jsdelivr.net/gh/mokkapps/slidev-theme-mokkapps@master/screenshots/dark/005.png	reference-images/themes/community-slidev-theme-mokkapps/05.png
https://cdn.jsdelivr.net/gh/mokkapps/slidev-theme-mokkapps@master/screenshots/dark/006.png	reference-images/themes/community-slidev-theme-mokkapps/06.png
https://cdn.jsdelivr.net/gh/mokkapps/slidev-theme-mokkapps@master/screenshots/dark/007.png	reference-images/themes/community-slidev-theme-mokkapps/07.png
https://cdn.jsdelivr.net/gh/mokkapps/slidev-theme-mokkapps@master/screenshots/dark/008.png	reference-images/themes/community-slidev-theme-mokkapps/08.png
https://cdn.jsdelivr.net/gh/mokkapps/slidev-theme-mokkapps@master/screenshots/dark/009.png	reference-images/themes/community-slidev-theme-mokkapps/09.png
https://cdn.jsdelivr.net/gh/mokkapps/slidev-theme-mokkapps@master/screenshots/dark/010.png	reference-images/themes/community-slidev-theme-mokkapps/10.png
https://cdn.jsdelivr.net/gh/mokkapps/slidev-theme-mokkapps@master/screenshots/dark/011.png	reference-images/themes/community-slidev-theme-mokkapps/11.png
https://cdn.jsdelivr.net/gh/estruyf/slidev-theme-the-unnamed@main/assets/cover.png	reference-images/themes/community-slidev-theme-the-unnamed/01.png
https://cdn.jsdelivr.net/gh/estruyf/slidev-theme-the-unnamed@main/assets/about-me.png	reference-images/themes/community-slidev-theme-the-unnamed/02.png
https://cdn.jsdelivr.net/gh/estruyf/slidev-theme-the-unnamed@main/assets/default.png	reference-images/themes/community-slidev-theme-the-unnamed/03.png
https://cdn.jsdelivr.net/gh/estruyf/slidev-theme-the-unnamed@main/assets/section.png	reference-images/themes/community-slidev-theme-the-unnamed/04.png
https://cdn.jsdelivr.net/gh/jd-solanki/slidev-theme-dracula/screenshots/screenshot-1.png	reference-images/themes/community-slidev-theme-dracula/01.png
https://cdn.jsdelivr.net/gh/jd-solanki/slidev-theme-dracula/screenshots/screenshot-2.png	reference-images/themes/community-slidev-theme-dracula/02.png
https://cdn.jsdelivr.net/gh/jd-solanki/slidev-theme-dracula/screenshots/screenshot-3.png	reference-images/themes/community-slidev-theme-dracula/03.png
https://cdn.jsdelivr.net/gh/jd-solanki/slidev-theme-dracula/screenshots/screenshot-4.png	reference-images/themes/community-slidev-theme-dracula/04.png
https://cdn.jsdelivr.net/gh/jd-solanki/slidev-theme-dracula/screenshots/screenshot-5.png	reference-images/themes/community-slidev-theme-dracula/05.png
https://cdn.jsdelivr.net/gh/MuTsunTsai/slidev-theme-frankfurt/screenshots/01.png	reference-images/themes/community-slidev-theme-frankfurt/01.png
https://cdn.jsdelivr.net/gh/MuTsunTsai/slidev-theme-frankfurt/screenshots/04.png	reference-images/themes/community-slidev-theme-frankfurt/02.png
https://cdn.jsdelivr.net/gh/MuTsunTsai/slidev-theme-frankfurt/screenshots/06.png	reference-images/themes/community-slidev-theme-frankfurt/03.png
https://cdn.jsdelivr.net/gh/MuTsunTsai/slidev-theme-frankfurt/screenshots/07.png	reference-images/themes/community-slidev-theme-frankfurt/04.png
https://cdn.jsdelivr.net/gh/avencastf/slidev-theme-hep/screenshot/001.png	reference-images/themes/community-slidev-theme-hep/01.png
https://cdn.jsdelivr.net/gh/avencastf/slidev-theme-hep/screenshot/004.png	reference-images/themes/community-slidev-theme-hep/02.png
https://cdn.jsdelivr.net/gh/avencastf/slidev-theme-hep/screenshot/006.png	reference-images/themes/community-slidev-theme-hep/03.png
https://cdn.jsdelivr.net/gh/avencastf/slidev-theme-hep/screenshot/008.png	reference-images/themes/community-slidev-theme-hep/04.png
https://cdn.jsdelivr.net/gh/alfatta/slidev-theme-mint/screenshot/1.png	reference-images/themes/community-slidev-theme-mint/01.png
https://cdn.jsdelivr.net/gh/alfatta/slidev-theme-mint/screenshot/2.png	reference-images/themes/community-slidev-theme-mint/02.png
https://cdn.jsdelivr.net/gh/alfatta/slidev-theme-mint/screenshot/3.png	reference-images/themes/community-slidev-theme-mint/03.png
https://cdn.jsdelivr.net/gh/alfatta/slidev-theme-mint/screenshot/4.png	reference-images/themes/community-slidev-theme-mint/04.png
https://cdn.jsdelivr.net/gh/alfatta/slidev-theme-mint/screenshot/5.png	reference-images/themes/community-slidev-theme-mint/05.png
https://cdn.jsdelivr.net/gh/alfatta/slidev-theme-mint/screenshot/6.png	reference-images/themes/community-slidev-theme-mint/06.png
https://cdn.jsdelivr.net/gh/alfatta/slidev-theme-mint/screenshot/7.png	reference-images/themes/community-slidev-theme-mint/07.png
https://cdn.jsdelivr.net/gh/alfatta/slidev-theme-mint/screenshot/8.png	reference-images/themes/community-slidev-theme-mint/08.png
https://cdn.jsdelivr.net/gh/alfatta/slidev-theme-mint/screenshot/9.png	reference-images/themes/community-slidev-theme-mint/09.png
https://gureckis.github.io/slidev-theme-neversink/screenshots/2.png	reference-images/themes/community-slidev-theme-neversink/01.png
https://gureckis.github.io/slidev-theme-neversink/screenshots/6.png	reference-images/themes/community-slidev-theme-neversink/02.png
https://gureckis.github.io/slidev-theme-neversink/screenshots/8.png	reference-images/themes/community-slidev-theme-neversink/03.png
https://gureckis.github.io/slidev-theme-neversink/screenshots/15.png	reference-images/themes/community-slidev-theme-neversink/04.png
https://gureckis.github.io/slidev-theme-neversink/screenshots/18.png	reference-images/themes/community-slidev-theme-neversink/05.png
https://gureckis.github.io/slidev-theme-neversink/screenshots/22.png	reference-images/themes/community-slidev-theme-neversink/06.png
https://gureckis.github.io/slidev-theme-neversink/screenshots/26.png	reference-images/themes/community-slidev-theme-neversink/07.png
https://gureckis.github.io/slidev-theme-neversink/screenshots/34.png	reference-images/themes/community-slidev-theme-neversink/08.png
https://gureckis.github.io/slidev-theme-neversink/screenshots/36.png	reference-images/themes/community-slidev-theme-neversink/09.png
https://gureckis.github.io/slidev-theme-neversink/screenshots/38.png	reference-images/themes/community-slidev-theme-neversink/10.png
https://gureckis.github.io/slidev-theme-neversink/screenshots/35.png	reference-images/themes/community-slidev-theme-neversink/11.png
https://cdn.jsdelivr.net/gh/ktym4a/slidev-theme-ktym4a@main/example-export/rotation/0.png	reference-images/themes/community-slidev-theme-ktym4a/02.png
https://cdn.jsdelivr.net/gh/ktym4a/slidev-theme-ktym4a@main/example-export/rotation/1.png	reference-images/themes/community-slidev-theme-ktym4a/03.png
https://cdn.jsdelivr.net/gh/ktym4a/slidev-theme-ktym4a@main/example-export/rotation/6.png	reference-images/themes/community-slidev-theme-ktym4a/04.png
https://cdn.jsdelivr.net/gh/ktym4a/slidev-theme-ktym4a@main/example-export/rotation/7.png	reference-images/themes/community-slidev-theme-ktym4a/05.png
https://cdn.jsdelivr.net/gh/ktym4a/slidev-theme-ktym4a@main/example-export/rotation/8.png	reference-images/themes/community-slidev-theme-ktym4a/06.png
https://cdn.jsdelivr.net/gh/ktym4a/slidev-theme-ktym4a@main/example-export/single/0.png	reference-images/themes/community-slidev-theme-ktym4a/07.png
https://cdn.jsdelivr.net/gh/ktym4a/slidev-theme-ktym4a@main/example-export/single/1.png	reference-images/themes/community-slidev-theme-ktym4a/08.png
https://cdn.jsdelivr.net/gh/ktym4a/slidev-theme-ktym4a@main/example-export/single/3.png	reference-images/themes/community-slidev-theme-ktym4a/09.png
